,meanV,meanH,meanM,stdV,stdH,stdM,dofall
0,2.015632104591301,0.03371894402661449,2.01597026612959,0.05697495654023629,0.015386890093305175,0.05684526932695829,yes
1,1.9987132985994858,0.039647161153098645,1.9991415196517583,0.046789055385042536,0.011999450442355678,0.04666445296729436,yes
2,1.9833609244268273,0.04329530159230237,1.9839068861208236,0.03154717355230324,0.01741160750498158,0.03121709462467092,yes
3,1.9746831746945077,0.05069024194170353,1.9754945720770316,0.025007715876152338,0.02607294465847295,0.02447226572461477,yes
4,1.9660922545366937,0.06898464298066032,1.9680721966184556,0.023011954063162702,0.057238184525884035,0.020940312838980287,yes
5,1.956095648904205,0.09493405124205707,1.9602608769807428,0.024308119037649758,0.0886904527779914,0.018593573695148694,yes
6,1.9508914862698234,0.12004475713288427,1.9571298425239632,0.023600472145796702,0.10395598398255065,0.016949612235941613,yes
7,1.9501200562322185,0.14606200563450714,1.9589192476496478,0.023756933200001492,0.11934964956009074,0.01717821778134101,yes
8,1.9462900876027551,0.17440813376165315,1.9577346169233611,0.02435104736135168,0.12469120759335225,0.017167657114371477,yes
9,1.939018089889283,0.1995453658635237,1.9524577882522753,0.022708575285249184,0.11669856223018263,0.016292516509602905,yes
10,1.932011282873668,0.2196011106757235,1.9468565174230688,0.017004123071914717,0.10138003182716489,0.013008180235573628,yes
11,1.926311241081311,0.23517836019572314,1.9422836255808789,0.01942781194771513,0.08458604985755437,0.0181717778066455,yes
12,1.9174111828884268,0.2473289669190332,1.9343032970243434,0.026747297500421412,0.0665094187182376,0.028539366480912553,yes
13,1.9059885820502778,0.25600387111222356,1.9236044453950392,0.03272326879682976,0.04968556415206372,0.03744500311105263,yes
14,1.8945506680217137,0.25471169708465274,1.9120937882251137,0.041308684870843666,0.05101560502190975,0.04685351671323131,yes
15,1.8819308321204844,0.2475789040660879,1.898615913714229,0.05396315843365446,0.05031314743729487,0.05883757832854249,yes
16,1.8647543560847257,0.24090140024486678,1.8806940156060332,0.06334119794819706,0.04910155462174796,0.06760239855999228,yes
17,1.8448503274833226,0.22981784468718752,1.859410695983195,0.06739962658476381,0.040339625341080494,0.07018888601526328,yes
18,1.8249050848047497,0.21862138470782488,1.8380620604862568,0.07026725336193469,0.023893227189229368,0.07117487134049909,yes
19,1.8063638772172634,0.20833470432153328,1.8183953162967286,0.06946027793555616,0.016396619666767826,0.06973362828879116,yes
20,1.7857676344029567,0.20241426990167116,1.7972645226619008,0.06397818453026573,0.016428787350650464,0.06415794881461619,yes
21,1.762651167379735,0.20361660164547973,1.7744744657314881,0.06239351408095008,0.01783631947321651,0.061727044318725006,yes
22,1.738740845315823,0.20853564640238478,1.7513999397262556,0.06650550314644786,0.02301934845472016,0.06465875581980418,yes
23,1.7112731226351658,0.21603260400728166,1.7252034981308775,0.07583653402291804,0.029046535466880092,0.0725263882120457,yes
24,1.6803908909363934,0.22914043943862472,1.6968368718985491,0.08921246123605159,0.04648104620823054,0.08213087997176452,yes
25,1.64832568938658,0.24026278892001804,1.6671249264645074,0.1048311761303901,0.05631112487693711,0.09511824242889756,yes
26,1.6159462714281336,0.2441775525064506,1.6356907252748152,0.11634557701164508,0.05602641253470509,0.10764451533217397,yes
27,1.58001804661466,0.24292486643049163,1.5999077355750617,0.12758445251999773,0.056963973407465354,0.12172452559150569,yes
28,1.5351418629692493,0.23734502676070854,1.5546861425535805,0.14776362109540375,0.06289574721851686,0.145888716280851,yes
29,1.480344721902934,0.22716693937164506,1.4992303208619362,0.16929580961347096,0.07997563979879158,0.17283651787515106,yes
30,1.421164426180499,0.21904023720784327,1.4395476458464018,0.1833151202724694,0.08936519540560482,0.19096550421025338,yes
31,1.3827275027294326,0.20215682278129954,1.3996997386501489,0.16662071589940367,0.10264048509326307,0.17673315841942613,yes
32,1.3701921007379407,0.18949589185599922,1.385755804730285,0.15063761701484782,0.10387859624965712,0.16038199049668642,yes
33,1.3892937566718657,0.1766073870323092,1.4031251167856387,0.1861403396586626,0.10092630427876388,0.1912477409491634,yes
34,1.4599956330143056,0.16827686124135388,1.4715957195743488,0.32168772573731047,0.08932395921093297,0.32425294464829507,yes
35,1.5946655812295496,0.1540073777569949,1.6031919253248823,0.5341282763826509,0.06963338997512676,0.5349765115328745,yes
36,1.765402659170089,0.14294466892189678,1.7719717797922059,0.7184470718088162,0.05927244841531356,0.718723571739574,yes
37,1.9947036772618674,0.13295559968865925,1.999980305633056,0.9206579229635309,0.05711004812623084,0.9203767589004864,yes
38,2.295080499234465,0.15243181750045293,2.3008469762634878,1.1274420215335168,0.08946742520222808,1.12938040420139,yes
39,2.5650479921468543,0.1764557372542986,2.57185253924514,1.1530822184747027,0.09777918208478205,1.155386313228144,yes
40,2.775776028745894,0.2332319447383367,2.7889113414185034,1.0467506776273536,0.17733128733097783,1.0518360991015256,yes
41,2.8917458434098617,0.3248516983536387,2.9235020316823412,0.9188167934036778,0.2824193612395826,0.9143577074463615,yes
42,2.8745949314481947,0.43230486007552427,2.951987223300022,0.9488778327797162,0.3835713320485258,0.8683966342283308,yes
43,2.7274987490619593,0.5637218947945286,2.92391465906639,1.2174096809894275,0.4841337907017621,0.9144394397670911,yes
44,2.4917554779379474,0.6728364493985726,2.8357398022617595,1.5184381598352092,0.5266702399141809,1.0246226468049267,yes
45,2.1675479173345504,0.8224314133449653,2.7282310914782966,1.7688342343659764,0.5832312877071959,1.0818977515623913,yes
46,1.828739232661927,1.0040426963942592,2.6115571808247973,1.8822465664633883,0.6305491141822632,1.094713508267674,yes
47,1.4501602453315128,1.230372616350172,2.48023600921975,1.8496334108064372,0.6744038086462478,1.0293356417899546,yes
48,1.001675181131374,1.4810845486808415,2.3370878532491317,1.6158503830168,0.7698744055193948,0.8288520371530644,yes
49,0.6192446634995609,1.7286807127561292,2.2271021462267173,1.2765610396721563,0.7506283748237506,0.6545252145126355,yes
50,0.3275373808696875,1.9117438915240075,2.149089562786172,0.8897662173800323,0.6816942863990124,0.5519776699385538,yes
51,0.12087606088011653,2.0294593795082307,2.104889494065521,0.49961526530076633,0.5984041453395567,0.5267186197723771,yes
52,0.06151860654150694,2.087955740274706,2.1190007582776227,0.3551190342032579,0.5331212474676752,0.5190531040860333,yes
53,0.14247599884849857,2.0933057330094935,2.157170627911742,0.48169423594520633,0.5262757526229678,0.47951264430169493,yes
54,0.27660468839738417,2.1054016488691976,2.2114719490763535,0.5721818648806756,0.5081457147046426,0.4023014536346518,yes
55,0.44161502710854805,2.0798702527904083,2.2251890947866984,0.5823659393636947,0.5372279509649475,0.3864441253545382,yes
56,0.5786247739808158,2.0373136097094227,2.217806404355392,0.5635163540094512,0.56366653450394,0.3923316414463668,yes
57,0.6813749804796488,1.9692808501981698,2.172975004769187,0.515916599417545,0.5610884146269496,0.399179285192404,yes
58,0.7836491737941311,1.8574544409665024,2.0787554506461143,0.4118695972649507,0.4683222560249413,0.3216016770945204,yes
59,0.8595523993739229,1.7593140668829652,1.9979632047647715,0.3225195513771925,0.3351608589482167,0.2024182736594155,yes
60,0.9152768734966938,1.6939870958663197,1.9500574937377628,0.25827447951627935,0.2202845176741163,0.09607685108733027,yes
61,0.9723645517637692,1.6588957392157713,1.9349437231021447,0.1740073017520589,0.1586019447637804,0.06064917049811533,yes
62,0.9923706105105643,1.6564551415830473,1.9412240951159092,0.15342248292178715,0.15665708292779507,0.06292841727829346,yes
63,0.9821749934624794,1.6682200571676062,1.9453515478095107,0.1491325694616054,0.14841963449184292,0.05845465872194872,yes
64,0.9696697528231863,1.677254586045453,1.9450297669379204,0.13322027101108752,0.1367736271409464,0.05879135231855267,yes
65,0.957162910690748,1.690923223213657,1.948220924255338,0.11162121407603204,0.11418761055761066,0.05543474594227612,yes
66,0.9521594623095592,1.6989467306124801,1.9519441651505063,0.10417339167603058,0.1046738225713357,0.053431632930290296,yes
67,0.9762509946427762,1.6924895730829637,1.9593053329391157,0.12192705768493717,0.10776005196173025,0.05312631098460082,yes
68,1.0152080521716316,1.6836534210485528,1.9716705116979565,0.12822494223953435,0.10718799823207974,0.05763329673148521,yes
69,1.056827122505859,1.6758447463213462,1.9856292414749954,0.12238418011665654,0.09968215950664835,0.07482330635392809,yes
70,1.0992982720470692,1.6596843864510142,1.9939798325365252,0.1220017257692814,0.08166496150523037,0.08466672780875643,yes
71,1.1428537340875322,1.6490255132922897,2.009110766174396,0.1365347173671431,0.06682470841576428,0.10365687992433079,yes
72,1.1946365255126223,1.648905037332343,2.037886565296499,0.1450990854052408,0.06660609325979464,0.13334875674617197,yes
73,1.250523599288505,1.6557390152274407,2.0771457539502647,0.16528044976041745,0.06738671018059132,0.14689078321426105,yes
74,1.3056699574245234,1.664516413352678,2.1193068713830487,0.19033577416110822,0.05742148443476892,0.14719508359162164,yes
75,1.364781064040994,1.663038958479292,2.157273716224074,0.20734300884070178,0.06035801685330488,0.13526449659729248,yes
76,1.4275373693155358,1.6265101403889055,2.1743671961767186,0.20457173216520505,0.14359879191764696,0.11425439329262926,yes
77,1.4780863956601442,1.5702018265278963,2.1724262866527475,0.1931542940846927,0.23113634283248577,0.11783476848955293,yes
78,1.513468680293046,1.4902659152289706,2.14579302556145,0.16925580965762246,0.321122068066125,0.1687946033391496,yes
79,1.5360456107251834,1.3657881504504377,2.0869021712669795,0.13941606124989653,0.437835824069985,0.2575009384583136,yes
80,1.538966385441199,1.2403269746675636,2.013778647092809,0.1338710176456693,0.5119325792122449,0.33915069354843147,yes
81,1.5217562564251421,1.1466725459274971,1.937805315549148,0.1644748467366346,0.5053197691370179,0.3795767093357331,yes
82,1.487688917683198,1.104518582993474,1.8836095861038384,0.2102251572032974,0.46466666762123626,0.3640715725734235,yes
83,1.4393262331694703,1.1117980746502418,1.8603186982333053,0.24621913038372392,0.4753638770914576,0.34140968143312916,yes
84,1.3826402012330978,1.1542417788253685,1.861394261315062,0.26301014224543756,0.5420597578754971,0.3429969524063041,yes
85,1.3210042377121585,1.2154720202456621,1.8737449880369421,0.2571466357596476,0.6207354779057255,0.36178167310011616,yes
86,1.254809572704937,1.2960475119093324,1.8930600234067008,0.23223593973488552,0.6759832402121446,0.380654626392723,yes
87,1.1899579493663632,1.381422524928131,1.9121865636513042,0.19198278772464875,0.6957337864316752,0.38970539094580375,yes
88,1.1363023852919347,1.4775514021908316,1.942509076029887,0.14567920361390901,0.6805147546147186,0.3900003303848526,yes
89,1.0956311393461433,1.5881121060814387,1.9796951812922874,0.09510634104003574,0.5844460581490433,0.3634324238703099,yes
90,1.0718925504910233,1.6929999289657924,2.0238640258052873,0.05400354343912823,0.42438250447022413,0.3053086013482476,yes
91,1.0645023483568867,1.7598296059293024,2.0635173950873047,0.03559736673777444,0.29298204983353665,0.23677589116598988,yes
92,1.0717121470593856,1.7630563190687703,2.070637508124544,0.04983007488638897,0.28792699024801827,0.22666987639775346,yes
93,1.0834284554087121,1.7260478327393716,2.0473811200209795,0.06148647305240351,0.31038976747701535,0.2389770862697902,yes
94,1.0942026090217434,1.6548430909555338,1.993982469185903,0.06612640766016079,0.3057107536039935,0.23062116084316617,yes
95,1.102498870098826,1.5699475263107652,1.9273855558030277,0.06737485951638245,0.26381478978791717,0.1889966687697415,yes
96,1.1104653569965532,1.4924557836645906,1.8670783167861162,0.06375105279012432,0.21325157188623203,0.1459167226343194,yes
97,1.118158001664256,1.4242333512925063,1.815145909286001,0.055241508387427814,0.1701718451443335,0.11912811328728543,yes
98,1.12419319707004,1.362106963897208,1.768096874033402,0.04668631100038062,0.11836136470687501,0.09158657913705529,yes
99,1.1273438602059704,1.325459186510491,1.7408165552355144,0.04172307939627202,0.09379625628137238,0.08685014558385111,yes
100,1.1264746421680738,1.3010679003588366,1.7212228419253843,0.04286496797700204,0.08241760077273176,0.08744388030975915,yes
101,1.1182972732418084,1.2790603534784881,1.6990668541695517,0.04910910063288545,0.07438820688296034,0.08760252674164604,yes
102,1.1007043391199645,1.2621121703240754,1.674758566879032,0.05561282066482877,0.07109564888863026,0.08815109947526815,yes
103,1.0757502572523023,1.2329153055376254,1.636350933147202,0.06775367821001675,0.06990321266450329,0.0954737208883165,yes
104,1.0468998789991393,1.195076282218069,1.5888870223629268,0.08388726286363721,0.09558822637668243,0.12561612970818387,yes
105,1.0134929821654413,1.1580052007436454,1.5389922792064072,0.10308776682673601,0.11423778829193654,0.15259408150688322,yes
106,0.9788078459955054,1.122735287105389,1.4896499027263608,0.12036983969116992,0.12501515816145228,0.172073662750039,yes
107,0.940064532243381,1.0918578633070763,1.4411208954303478,0.14007555305820918,0.13440460439052054,0.19137707288327496,yes
108,0.8964908306434364,1.076050093728623,1.4019911100053637,0.15634797113780258,0.1307177218146768,0.19258236591378652,yes
109,0.8434451241016425,1.0656287980277854,1.3635257698257672,0.17631447764830527,0.12138531600228578,0.1795084601858242,yes
110,0.7877735619502048,1.0572377335262417,1.325985943922569,0.18367210874806258,0.11137868075288924,0.15501496440874976,yes
111,0.7420003031207395,1.0601549778882928,1.3030635934997048,0.16740591919253822,0.11598801568680121,0.12404507995762129,yes
112,0.7198790862540144,1.1047735464516781,1.3288625237894158,0.14153839163403453,0.21699068942023764,0.19229938659008816,yes
113,0.7329604524586631,1.2119409494504239,1.4264316679028113,0.1674512231192347,0.40221638871662757,0.39743724669707925,yes
114,0.8160765901644321,1.3845228654156663,1.6148248390522528,0.3522508667548667,0.607013200783141,0.68192247376416,yes
115,0.9719238953380047,1.5996813968266175,1.8801876602116476,0.6054119108710375,0.7877935486566235,0.9757840286357586,yes
116,1.1733379073728618,1.8084410516433729,2.1700315734297546,0.8264350045927752,0.8638709382287456,1.1664213483625494,yes
117,1.3832041397062436,1.9634533502612626,2.4278333063314776,0.9515943690299524,0.8243944932138428,1.2021603233207396,yes
118,1.55254792642415,2.015065435747048,2.5867278821818465,0.9573974643124816,0.7742852617376171,1.1275575628685366,yes
119,1.6403759988530997,2.0260357015644774,2.650364690992048,0.8931758734341413,0.7608605903964737,1.0594683506272609,yes
120,1.643154249590832,2.064059841054576,2.6867019624238533,0.8893242260234454,0.7203261009874455,1.0114467219399892,yes
121,1.5729628750260294,2.126783098649279,2.7362849623925745,1.0020480876574103,0.6653159813960843,0.9499908257250899,yes
122,1.4540950055058026,2.167186983933879,2.762985904579568,1.1636541813728436,0.6447402847186235,0.9248444789218203,yes
123,1.2919296616966913,2.1790139129338324,2.7566507010942134,1.3253186112660644,0.6459992479934239,0.9276414540150009,yes
124,1.059356293714997,2.1232084281657526,2.6599193513530968,1.4426584604133001,0.6195485146728054,0.9271654812484404,yes
125,0.7266802411329297,2.0518048570389285,2.526382693299701,1.4888391094771727,0.5297014979463831,0.8184408245554918,yes
126,0.32686532504826693,1.9825343109236595,2.3778011807281154,1.4088381179179759,0.4239414334965679,0.6068505609720106,yes
127,-0.07217692671787516,1.9724713364522863,2.2689573883414536,1.174675629955037,0.4121811977410126,0.39786319481611604,yes
128,-0.39319227302457,2.0248442641900626,2.2126328648421127,0.8286893061972023,0.3847350778626141,0.3497977271373287,yes
129,-0.5916869734688477,2.1199806179429506,2.2494314765454915,0.5272436249725898,0.26550899369533226,0.33015502516826084,yes
130,-0.6502437682561384,2.1665843112397987,2.286677456161077,0.4056365581494015,0.17480649999619263,0.26583044747537254,yes
131,-0.5892561506396101,2.1712073012512323,2.297421751995116,0.524392851587263,0.1662641014057674,0.24851939858072503,yes
132,-0.47619321684148935,2.1420735188808058,2.278669662344344,0.670014745934134,0.2098979143141572,0.2719941068603894,yes
133,-0.34226503213825776,2.098386520317006,2.244283410939027,0.7778263513591978,0.21997065932676946,0.2821034950090102,yes
134,-0.17974947632209085,2.0343471079785616,2.2023503668118183,0.8777196571556879,0.28842487326528643,0.31403029834481233,yes
135,0.02966911170435329,1.9249691412418468,2.117856689708274,0.9213451139154377,0.3442518139925697,0.31922999391996315,yes
136,0.26736402247391694,1.8285642401521602,2.0348630427223093,0.8708192712955669,0.35430419740318814,0.27875716042843496,yes
137,0.5029816860294378,1.7329115811326286,1.9534204704109128,0.7434324081651676,0.3203053610442421,0.18220907748380882,yes
138,0.7146924146445851,1.6626536348643803,1.9143154902187873,0.59731639342683,0.31452118577078814,0.15179652362520513,yes
139,0.8915666934064811,1.6048498002213591,1.8900432289774642,0.41144586268730066,0.25632585856961815,0.10361371629110903,yes
140,1.0119502641350926,1.5784986936487113,1.8990924239651963,0.25392527999650366,0.22372767303048738,0.11656345778922912,yes
141,1.0802955076206704,1.5552762408417091,1.9070009670628862,0.18290343205019127,0.19601501278897682,0.12453413792695264,yes
142,1.127370525333013,1.5520353813464562,1.9267811356692515,0.1357610032838583,0.192537984112483,0.13842091354046182,yes
143,1.1749840090657933,1.4959580205651506,1.9060131669836615,0.0697447763408923,0.17461331795013424,0.13908573817607903,yes
144,1.2088054527700927,1.4261966007802447,1.8820041972840467,0.062172283299460965,0.27978313948866634,0.1739641287627901,yes
145,1.2454462817481242,1.3529986551304929,1.87061605441035,0.1083772403298708,0.39297094134752814,0.18883263240814077,yes
146,1.290821303309873,1.2699632876619504,1.8617884154541628,0.15581903636603578,0.4708721201111666,0.1948515052866934,yes
147,1.3536679554924684,1.2050356988407818,1.873841469703353,0.21673980641222337,0.49357577991783047,0.19658187554189943,yes
148,1.4135545020631954,1.1418254758096158,1.88747771700028,0.2630117534718616,0.5102927375375538,0.19985019317676284,yes
149,1.4789213136028,1.0483719160217402,1.8846288930548774,0.2870597693029437,0.5018831698826437,0.19812141681809395,yes
150,1.5465501337033083,0.9402613219364004,1.8713094947206188,0.2837160553146401,0.4535314374791702,0.18760612670185903,yes
151,1.6098306367615798,0.834507928778587,1.858000551341469,0.26362215112655035,0.3802391455107352,0.1778348646429058,yes
152,1.6695064235081472,0.7226318625964394,1.8373264627892882,0.22400183839742938,0.2198762624651064,0.15758641745513402,yes
153,1.7204414522313836,0.6566018156368632,1.8445894604933901,0.17287256623192043,0.08804125772949992,0.15778686604523476,yes
154,1.7591779739235172,0.6315101455598052,1.8697677108308064,0.11315928927312023,0.0763415979467711,0.1258335466241768,yes
155,1.781621702010888,0.6177666059668245,1.8872755514274548,0.07259727519418295,0.10019534353854662,0.09298139370217574,yes
156,1.7910833484656696,0.6072095791614297,1.8934500066375264,0.05246805316210903,0.11478172468707432,0.08072637854041627,yes
157,1.7793731987143808,0.5658583052871722,1.8698564057949085,0.06259691451844672,0.12701473594963417,0.09456114331940332,yes
158,1.7560244223253356,0.5059535386438841,1.8329284123937426,0.07558533921028036,0.17063066585997289,0.11219705373860299,yes
159,1.7254401473496181,0.4658321206620135,1.7929903210972298,0.08785907399927315,0.17518940816662576,0.1242688225581598,yes
160,1.6772125182347253,0.42709624019677117,1.7361857981595308,0.1374611805971914,0.17373231332159325,0.167605845693456,yes
161,1.6045298106542742,0.38435551980935584,1.6549223462763627,0.22191202554046183,0.1739459554114031,0.24727185874931315,yes
162,1.503257954513233,0.34321113109752294,1.5460718295230813,0.33095853707618855,0.1639959917606634,0.34964374089311023,yes
163,1.3790514960138935,0.305037986837271,1.416589448531306,0.43597934560451923,0.12891603728745882,0.4398650517790675,yes
164,1.2395312895561788,0.26406952800184885,1.2713686011529568,0.5237874184332442,0.10402238886932495,0.5232897421291502,yes
165,1.0912310113627175,0.23223987007374508,1.120020217256428,0.5763124351196772,0.10030583879296796,0.575666518144172,yes
166,0.9534022759967478,0.19638453136556638,0.9776474439164629,0.5756560873990682,0.08646151134606408,0.5741837016849044,yes
167,0.8535114153818164,0.19171030685968912,0.8805348316557398,0.5190878707481197,0.07825276260453243,0.5141456012497893,yes
168,0.7924219008885298,0.24483241409575748,0.8391326131634373,0.45078908266281503,0.16764350598868455,0.46177852490680177,yes
169,0.7941612383341237,0.3016377915039977,0.8593789224742011,0.4540939297624886,0.25149030412028106,0.5007207033035969,yes
170,0.8880197810962376,0.41017429079977774,0.9872594964281406,0.641452157775184,0.41314727972286613,0.7498719580145528,yes
171,1.1499619601012752,0.5925653257731704,1.2987443007202846,1.102229898039676,0.6439088902847998,1.270776614141275,yes
172,1.4268159158491498,0.8330682553947536,1.658256236784459,1.3242206046655507,0.8834416883489982,1.5848656139709263,yes
173,1.6108528564115487,1.0629631942011633,1.947903680137939,1.3133138602726888,1.0066536344947168,1.631202447420596,yes
174,1.6926792585698283,1.3872302490153,2.268880499042356,1.2492552255012646,1.1841515346637645,1.6014993825859074,yes
175,1.6721433414598543,1.748945129850113,2.613813568118441,1.2770119325455618,1.294486324515678,1.4902124907895056,yes
176,1.4715572618196062,2.1667653249988796,3.0358177873620265,1.6213724696880838,1.3638973051095247,1.368016081890748,yes
177,1.2124027795798231,2.5341409513802304,3.4020962432382356,1.9376787360376664,1.2986709616124592,1.1616858672275536,yes
178,1.0305839155741263,2.797384490243163,3.6213716066390402,2.0417614194260665,1.1353724501669074,0.8725474485225772,yes
179,0.8790033968008716,2.925958806511431,3.655239334896618,2.053031979085689,0.9454512875187125,0.7965508377520528,yes
180,0.6864134810833549,2.940737418028605,3.542992787650692,1.9950069192985997,0.9187547958336791,1.0044616137163511,yes
181,0.3934908313379103,2.8813126243209983,3.282966289403107,1.694279757686854,1.0008256072611483,1.1372198215007177,yes
182,0.13421017465769242,2.744019192561851,2.9985949878307565,1.313461295550027,1.129608300068321,1.1818806749920887,yes
183,0.013164683916353902,2.63804667538343,2.8393179153689756,1.1272315056062703,1.1971720974310607,1.2161971944265626,yes
184,-0.012222099622580428,2.4457649073444414,2.653464590686408,1.101136684300348,1.2179148673034683,1.232557317598871,yes
185,0.09375332298134008,2.179275523704855,2.4341700118956466,1.1566583071803282,1.2003012898073873,1.217269855168318,yes
186,0.39002473210016075,1.8197322836654048,2.122614932592075,1.0267716652898138,1.0403862281066587,0.9894150485398868,yes
187,0.7615120010090011,1.5017820125694252,1.8790618600323548,0.7326261277949501,0.7555066763632312,0.5784601303567057,yes
188,1.0421739858779568,1.2609209019812737,1.7574679642753437,0.5853332178289407,0.43254204793194045,0.26685687310433315,yes
189,1.2395016381612431,1.1345342619432395,1.7659038144855561,0.5488684237089617,0.3242757946169029,0.28064652398054135,yes
190,1.443040106612032,1.0749276271883208,1.8687782141114624,0.5671118646625974,0.3055414594930094,0.3635877471733548,yes
191,1.5613730841456182,0.9823781457809211,1.909161445432962,0.5359317778287368,0.32841211865091535,0.3553166907012369,yes
192,1.6525824355996197,0.8805182221340472,1.9415642576237215,0.49758048416017897,0.3952882204432613,0.33354074109798054,yes
193,1.7338577216178863,0.7434820766106119,1.9500400171373276,0.4736625357170346,0.39666023859707483,0.3331634850297419,yes
194,1.8253583240315827,0.6537271922352922,1.9685477415052177,0.3733575973471496,0.30714121153265067,0.3239864533873365,yes
195,1.854779053177372,0.6377848762973544,1.9819203991529122,0.317522274745396,0.2876936352132269,0.3058606007685736,yes
196,1.8591350633003134,0.6874208433316102,2.0132970214214283,0.3091394820982933,0.32981895993573473,0.2570747667456285,yes
197,1.7838674452751255,0.7530549621917586,1.9952961280357724,0.4013166117555201,0.40934618945214074,0.26630307078884813,yes
198,1.6761758911382159,0.8365053418477636,1.9724445914803515,0.4761992961939618,0.5131513592066431,0.257876406548367,yes
199,1.573075914258521,0.9169182805656527,1.9458318464968503,0.5012713420359728,0.5759726539637691,0.2444065402583746,yes
200,1.4368629720002795,0.9893918763591788,1.8819398474071458,0.4304685415373296,0.6171415363919204,0.11217076825729572,yes
201,1.3489136409216347,1.0932836968862143,1.8673153112602303,0.3997604790988746,0.6121701806164188,0.1004184273235716,yes
202,1.2714525973661297,1.2194679552647678,1.862597154063851,0.3613151110699378,0.5346293197700243,0.10091277906449833,yes
203,1.1805416212353215,1.3493100050286624,1.8425605823881497,0.26809627668566677,0.3716423853511812,0.09592136776675149,yes
204,1.1051113720294692,1.4242887727547973,1.8212946793893607,0.14733081698388995,0.25253308600439056,0.10374509282243453,yes
205,1.075849066672523,1.4528753483059025,1.8170169053209864,0.10620213037868462,0.19536463621496578,0.11179926443416169,yes
206,1.0582033851692025,1.4508923919766243,1.8026436883322812,0.06472432025739258,0.19888744417790682,0.12793131043630968,yes
207,1.068345255895469,1.4140323227645182,1.7816138622323034,0.07151795161860883,0.23042985112981237,0.14564989165327447,yes
208,1.0923083549970964,1.3468126518567127,1.7425860177765635,0.05288647807199927,0.2265432023246564,0.1458414440469122,yes
209,1.1105100188969157,1.2864148211350144,1.707314024214932,0.049635025419388,0.21340646184720066,0.13490644973107313,yes
210,1.1249173580800267,1.229106097333317,1.672886063537348,0.048383655307239475,0.18930678486885785,0.11524521027714046,yes
211,1.134735028923786,1.1774976241862085,1.6410408946078898,0.04902192884839041,0.16573202574974946,0.09423523483389559,yes
212,1.1435451404613357,1.1338052673806858,1.614770066219532,0.04857450882011599,0.13468479397698835,0.06812598481613896,yes
213,1.1606808522509815,1.09277623147257,1.5968148458164062,0.04675016809430902,0.09342052067796017,0.03864303508188896,yes
214,1.1828954904913889,1.059359821972499,1.5894152102142143,0.04894706993974225,0.05792286660331845,0.021603757190634246,yes
215,1.1941102497686278,1.030995462605,1.5789288406934334,0.041235580034157386,0.062406471797524184,0.031092965366434088,yes
216,1.1981978889111655,0.9943230043300847,1.5593260372523543,0.03942036562639932,0.09765673371005824,0.05617878263561125,yes
217,1.2063265408200208,0.9425385211471384,1.5369328656472416,0.03788593570718296,0.16176179723589448,0.08354609026587342,yes
218,1.2176566271660736,0.8832497467291189,1.5154810532690068,0.038307181276361,0.2152704865770149,0.10090090978980487,yes
219,1.256861035553414,0.8242798664798121,1.5211280573992263,0.11798497790227792,0.24136503386615388,0.10680290827636174,yes
220,1.3398946744680333,0.7610684697470138,1.568761889058974,0.26415183536947096,0.2585900303169104,0.20141054276857606,yes
221,1.4344148350289303,0.7199674786149023,1.6339636674459155,0.3548271685389073,0.24550499035079582,0.28600571190741203,yes
222,1.5491697997966867,0.707333984209795,1.7269363374767461,0.4392671447323318,0.2303767800511597,0.39351054881785785,yes
223,1.6459412189003584,0.7299165048126723,1.819929315602219,0.4676103668784984,0.2709820918394511,0.46264884771608233,yes
224,1.6643808101837774,0.8096614420759589,1.8889301553085218,0.4553638932749673,0.42611907188689513,0.4803914668852029,yes
225,1.6463189575713213,0.9273022793442006,1.9694898979713602,0.4781092852744511,0.5850021322632675,0.47737657415971907,yes
226,1.6046358839630273,1.042316991510654,2.033874488643455,0.5359677441026641,0.6570895245823077,0.4368585516945824,yes
227,1.5254767655896835,1.1868246983677926,2.103811106037163,0.6439797655607608,0.6980759522232491,0.36731614190886036,yes
228,1.4333213404335257,1.3373043850510729,2.1685028259308097,0.7429483487800241,0.6868872299095109,0.2620353266260709,yes
229,1.3161795286073226,1.463028124402558,2.181287998787385,0.8074623957665111,0.6220959284534833,0.2353755603329326,yes
230,1.1320587591475189,1.5980506967206887,2.152848840811442,0.8393800429547975,0.5049222494054949,0.2669159940232544,yes
231,0.924160474155344,1.6857539215153488,2.080157951898913,0.8228806432771748,0.3725026976952446,0.33843347061714096,yes
232,0.6217094749109744,1.8022990556293106,2.04888099431276,0.8049948136361472,0.26995494870832293,0.30857075569330855,yes
233,0.31349270630053516,1.9320164292161763,2.0647186958324752,0.7185658761778917,0.2797278140299654,0.33834232871302317,yes
234,0.08140442442045666,1.9544605102958676,2.0514482720493,0.6765604772642911,0.27503148245687026,0.3302209864314962,yes
235,-0.09156708296907512,1.96188592617863,2.0453412261319928,0.6244810630776706,0.2794996867928007,0.3253155604093854,yes
236,-0.24138226426726356,2.042180037585935,2.1194365800904764,0.5683704639513592,0.3651995712667725,0.4048695625655448,yes
237,-0.29960614463010427,2.037958289659045,2.1108331242614513,0.51785068452966,0.36585540726645666,0.4072112654730214,yes
238,-0.31141282997132963,2.0440629218245863,2.1151811442846475,0.502555971661772,0.36506913438449146,0.4061117603311543,yes
239,-0.32479012384560646,2.106302212497434,2.174294291586216,0.48276378399916553,0.3576510800934777,0.3934457722125395,yes
240,-0.32310772641404534,2.1443314119175096,2.2123139532097738,0.48472456194959435,0.3370142371910581,0.36803627049814275,yes
241,-0.3113913017224472,2.204438179645151,2.2729960992206513,0.49597636013613006,0.24807496007834057,0.27239947312298346,yes
242,-0.19716567958371353,2.2054080070280717,2.267319303022236,0.5280534202691641,0.24751961308481138,0.2749902967574146,yes
243,-0.08809098616625155,2.1472547451777553,2.1954032060513056,0.48166841127420557,0.2292837672640292,0.24672449616471379,yes
244,0.033175428859221215,2.123472956805675,2.158057977109757,0.41702588531966367,0.25659045814293474,0.2764820705678927,yes
245,0.13552106037542083,2.080358650832755,2.1071521372478625,0.33667310737265177,0.2869156960681539,0.30234344430378896,yes
246,0.2619102629457394,1.9667319194918391,1.9935710377084987,0.18533147567827024,0.22726347809951977,0.21003371822875247,yes
247,0.312052532330274,1.9444467718624676,1.9745607724411882,0.12241731366286854,0.23782207642326147,0.22048076843166795,yes
248,0.3500450510430101,1.9328826560694814,1.9711883719854721,0.1500591896841552,0.2360496092656848,0.2195873975386346,yes
249,0.3916635708824694,1.8923187871514433,1.9408659811272906,0.180363384297392,0.18651742973884008,0.1760609744692227,yes
250,0.46335055606341174,1.8571876121391515,1.9265762663678054,0.22824001170600056,0.1653464288762384,0.1620463047430635,yes
251,0.5448002493785413,1.8277996559784042,1.9215715599639946,0.25388861341810604,0.14517809335335244,0.1570708622352956,yes
252,0.5962230519010618,1.7871770975150114,1.9017934831931789,0.28220834950479745,0.12093510466309934,0.13946572516985023,yes
253,0.6590121946857723,1.7461614017348448,1.880920015954836,0.2551643033870634,0.12785910835613074,0.14463633789219837,yes
254,0.7013276772445781,1.7225762652067207,1.8726697605868345,0.23496266602327862,0.14457517216230173,0.15178917928761854,yes
255,0.7395930389874804,1.7020811906697246,1.8650008699606997,0.19559348238306595,0.15962039701138633,0.16059587423703697,yes
256,0.759059954207151,1.7068804211227704,1.8767293911646359,0.18389673976373533,0.15612098337905037,0.14859405380766516,yes
257,0.8134450296644516,1.7054357599447372,1.8938943696662538,0.12506726905710125,0.15579551512699033,0.1464040149013815,yes
258,0.8469559182614512,1.68663794215026,1.8898000920218514,0.10834108548528554,0.13825043261742556,0.1433851193421649,yes
259,0.8842846496916733,1.6717041889231772,1.892085525612038,0.11145017834260884,0.11344426507189392,0.1465464275704939,yes
260,0.9151599093771816,1.674985910503742,1.9105141010297881,0.1537270491927655,0.11778341881639512,0.1725165864652789,yes
261,0.9404114378522468,1.6692771815189869,1.9190823057746207,0.18337640042773082,0.1127889021574128,0.18164832158565974,yes
262,0.9665667837020008,1.6582044916391019,1.9244938705217567,0.2040456120622619,0.11741322001882781,0.18286380543895359,yes
263,1.012987781916622,1.6504486395849565,1.9449420848632688,0.22329381276933788,0.12797773426126544,0.17301197552273392,yes
264,1.0674346073534133,1.6348374427858676,1.9642034340178132,0.2282443576535102,0.1516886531502365,0.15495309673386445,yes
265,1.1331728676350838,1.6183122652122186,1.989210742383245,0.20845246845393187,0.17420656996203246,0.11773927234899119,yes
266,1.1988654574670916,1.5880430139647561,2.003134928076646,0.17263407513403828,0.19765818471777033,0.09771621567006356,yes
267,1.2546064292340435,1.5504188076299072,2.0072383038299484,0.15753390046468402,0.20324629971286667,0.09628402598642641,yes
268,1.311807897120652,1.4831757644546835,1.9951849960367458,0.13499443631661434,0.24567379567223074,0.10856815242298945,yes
269,1.3418812560731577,1.3770129445946337,1.9414111716080018,0.10233698316373885,0.3163114255839046,0.1738639832598471,yes
270,1.3257039980064065,1.2379473242527592,1.8360802844537651,0.13251994341083778,0.39278571789921796,0.2857189703642555,yes
271,1.2786243987312575,1.0859884922624026,1.7024384545551317,0.22251556885236748,0.46643565817301585,0.416763359775808,yes
272,1.1984217060877296,0.952190334421813,1.5516187663862921,0.35202735477805175,0.5041066832642229,0.5533758501213232,yes
273,1.0789718618250999,0.8136829944232347,1.3690117500199703,0.48909371839073607,0.5367363101288716,0.6885054676722873,yes
274,0.9473073451397376,0.6773657443979917,1.1795193622155113,0.5821091207950484,0.5516736406846174,0.7773351793169632,yes
275,0.8119183700270171,0.5447238487093855,0.9899875312403228,0.6285146043938705,0.5326838828401436,0.8074408497120996,yes
276,0.6740929092889004,0.4147824743554029,0.8005671935657424,0.6360600489972253,0.47760007574002994,0.7852421540318693,yes
277,0.5306360098949892,0.28211993521879253,0.6051723818931665,0.5984766693006773,0.3565330676288496,0.6925747114515258,yes
278,0.38307417531433596,0.1804939197919879,0.4260402438975877,0.5023570417717077,0.2372237045979308,0.5533609476553568,yes
279,0.3505195540760064,0.2476274552473216,0.44586393422315995,0.4384026984940823,0.42833824834109024,0.5995296206896809,yes
280,0.3364563303446078,0.31927978448689165,0.4788332218148682,0.41489271337185796,0.5147000822154902,0.6491088875569485,yes
281,0.3473434913854743,0.41077217354578205,0.5423274409160884,0.4284872669342085,0.5721690665530409,0.7111361232228791,yes
282,0.3905041321706174,0.5003429348160444,0.6355045782352333,0.45738325514836553,0.6091419805552221,0.7609924191570778,yes
283,0.46292962977330837,0.6041589931891338,0.7614726818603417,0.46480611513107617,0.6179572667969399,0.7728702660854747,yes
284,0.4463663908686798,0.6348778685304892,0.7948835218818003,0.4850792128385233,0.5922552217577632,0.7438147401308831,yes
285,0.4388376045563831,0.6428707933258543,0.8039266654429984,0.49302126126531187,0.5834746539503459,0.7338820590605097,yes
286,0.41808155243979367,0.6482271046445546,0.8207075401491499,0.5163052757798684,0.5773634486999997,0.7159744082579256,yes
287,0.5090608317454841,0.7888611129139562,0.9880672860018098,0.5205847738866307,0.5806870176950877,0.7091098893121472,yes
288,0.5963988617958018,0.9261609823127468,1.1505807315354717,0.5065425800220874,0.5443033834382746,0.655910012855038,yes
289,0.5981846855481069,0.922957715387939,1.1490972050385193,0.5082918446792548,0.5412754456987307,0.6544354755788417,yes
290,0.7023879321551904,1.0120221466895418,1.2848585553315117,0.6635715046862815,0.6464315743114383,0.8426525284331585,yes
291,0.8488423248225804,1.0945571315475218,1.4467794088578199,0.8422841479491963,0.7124446963649573,1.0114543856773293,yes
292,0.9058746110974717,1.0827989809856,1.479992668036652,0.861580566593486,0.7128961813362299,1.0155305023582502,yes
293,1.002337443451752,1.0926382281587568,1.5575793401184481,0.9052083741684064,0.714117317333035,1.037579671177682,yes
294,1.22241841928551,1.2001056056863926,1.7701656430745083,0.859954946319836,0.6635736799841568,0.9791953257127352,yes
295,1.3796670884237516,1.2892771536956948,1.9395276075891175,0.7340925622530404,0.5489799522934524,0.7889467687287607,yes
296,1.5655560176212082,1.390332418940425,2.1191237663380162,0.48802016012028443,0.362095114444593,0.500725291882477,yes
297,1.6344330210658313,1.3509644101673126,2.1409376728622638,0.4357982315609649,0.37787357477449907,0.4856835986962439,yes
298,1.7097947185102267,1.3144760266567004,2.169747803061799,0.3553139532582067,0.3890077466235247,0.46338992974590903,yes
299,1.7713696281742777,1.2762206704780517,2.190861940274489,0.2727018950980335,0.40151558194306597,0.44551654857685813,yes
300,1.7251956375057322,1.1674955954344297,2.0854017240233853,0.2768155556647921,0.3065280511380667,0.39996287419536536,yes
301,1.6299865402558116,1.0774258168351476,1.954760632015899,0.1957077080374458,0.1321064653186906,0.22801473238621553,yes
302,1.6136195518525576,1.1020589278397321,1.9580956077953402,0.22033422353036872,0.13989134059659028,0.22476805524828136,yes
303,1.5487004255963677,1.1284370927957987,1.9284306585962725,0.25373294119675843,0.18232539768427483,0.21307050503929703,yes
304,1.4450230424289217,1.1567098173403816,1.8763959782944055,0.2376972917973659,0.24042351386583558,0.09475376870485727,yes
305,1.397850898376322,1.219403472825208,1.8878824895122785,0.26760355893245685,0.2716440189165403,0.0924577585975389,yes
306,1.3295896138671677,1.2679520412546101,1.8741730286877936,0.2762427992283749,0.28820689247066583,0.08447449357458357,yes
307,1.2606420860530136,1.3141354526672997,1.8580603409684886,0.2791855563646601,0.28466383128952516,0.08732118846606923,yes
308,1.1830983576650538,1.3511067324448613,1.828480363703079,0.2602970507051307,0.2694223832253379,0.09533195564029126,yes
309,1.1047551265059887,1.3836518268319071,1.7929229860581315,0.21091701920765651,0.23854191512912346,0.11378754247061379,yes
310,1.0414967659827044,1.4074443120897704,1.7627588806698253,0.17201783569373486,0.19995901725503323,0.15243397020955549,yes
311,0.9860637962974153,1.4106231599763681,1.7254743588408012,0.1352362601981003,0.19388238271280334,0.19779071085927413,yes
312,0.9353844391064973,1.3846940574187037,1.6724736831216578,0.11539814301333626,0.23125113167183917,0.24780793731820452,yes
313,0.8941501610942716,1.3274964707791461,1.6020296860045815,0.10462224794993646,0.2720822647853996,0.28231068759086886,yes
314,0.8637663469012278,1.2477330694878592,1.5190907252854104,0.11033843557333883,0.2758263155530679,0.288141047886175,yes
315,0.8345675027698087,1.165089658775347,1.4356979310279747,0.09577643442597551,0.2769401884120915,0.2788675004387328,yes
316,0.8081325159807712,1.0856660153304951,1.3563101105729258,0.08334150282690332,0.26056327676128194,0.2571788585307995,yes
317,0.7924434147255409,1.008212496328624,1.285998052319846,0.06942525820674947,0.2370508625127356,0.22504244742869928,yes
318,0.7818787170834839,0.9489611875648445,1.2325441413748783,0.05973693211511556,0.19437057517260944,0.18230067559870577,yes
319,0.7722494099917159,0.9325760922638221,1.213580692970173,0.04765089486224034,0.16492956655242222,0.1483777217425436,yes
320,0.8042320610389609,0.9334937734464163,1.2349724206637889,0.13760474442410864,0.16656638860170325,0.1973559615851511,yes
321,0.8521692843487891,0.9748667259959036,1.2973669406799244,0.21091453432680835,0.24268478443134175,0.30990931418833506,yes
322,0.9418594660130714,1.051663049348627,1.4140501683914217,0.3238193891549621,0.3476314534427708,0.46749035183122667,yes
323,1.083829002950854,1.1803894811074696,1.6048257941874169,0.49090093929066647,0.49555625848266754,0.6915703296952744,yes
324,1.2499776846059283,1.3368036338138767,1.8323189858655824,0.6152923305259071,0.6203657329766985,0.8687089824801008,yes
325,1.4155578218757954,1.561497715191166,2.1108296325102045,0.6845238483207743,0.7852507999004743,1.034488531720764,yes
326,1.6221141932153043,1.8086587023201344,2.4328158278114214,0.7610597839842324,0.8928854187087047,1.165579795841149,yes
327,1.7837827503681734,2.027942590295446,2.7039181662632292,0.7342010989777621,0.8667900732584328,1.1277299009526978,yes
328,1.8737230188833052,2.167420491127233,2.8686465470698037,0.6487274210976,0.7563973173155734,0.984943470746417,yes
329,1.9083422353016786,2.2253296408084955,2.9360242242041865,0.5911231986986888,0.6889562009529837,0.8915046000800363,yes
330,1.81354758008179,2.2205654127575554,2.8852425767214056,0.769521087111411,0.6969245563216265,0.980544484611352,yes
331,1.6276203311196835,2.22218579974434,2.847579080389589,1.0709068063164198,0.6950791112094874,1.024982262489488,yes
332,1.40082266062725,2.198241755203962,2.7706413888052226,1.2848156687567693,0.7165519015412214,1.0882684374450522,yes
333,1.108428849839757,2.1904398563978815,2.6883697193748786,1.4199286998669123,0.7170074631883504,1.09370777382762,yes
334,0.7963732810629834,2.181461933939317,2.5949305627195525,1.4542737268477486,0.7140724907293434,1.065443247268852,yes
335,0.4791755521282516,2.1307520243164078,2.471872573514534,1.409609242776347,0.6627439294758026,0.96790974053042,yes
336,0.10937862150802236,2.045868876096983,2.299982339563022,1.2055481512333495,0.5479110149952636,0.7347122804119323,yes
337,-0.23885307578528053,2.0061971487272183,2.1966277256069295,0.9454043221553117,0.4887116715728836,0.5538451585873628,yes
338,-0.5025607546485036,2.016392373150949,2.1686392317925134,0.6786747973849458,0.4946245296383077,0.527190680533716,yes
339,-0.6915363882809077,2.06160080390858,2.1925395212923124,0.36015274582627954,0.48596722794820396,0.5275495035577952,yes
340,-0.7582803591060261,2.144868452537599,2.27810336388203,0.19204542414696316,0.3713993127521603,0.3986530797156426,yes
341,-0.7187864137760617,2.1826310796375212,2.3067916094825387,0.26575067131261765,0.31532696511735764,0.35322934265238853,yes
342,-0.6393187587461069,2.20833462299295,2.321217913014092,0.3889609108189858,0.26122010383530103,0.32487871619037856,yes
343,-0.5292030828598739,2.168771525570249,2.2712576605801127,0.4905333869292456,0.30308412713806177,0.371557031546736,yes
344,-0.41760439155774093,2.115388988123763,2.2098410428626996,0.5570925398182826,0.3141177563588246,0.3858416783922079,yes
345,-0.3083337939172064,2.053979404107741,2.1398202199350753,0.5873439117864212,0.2825674017968664,0.3611802164369559,yes
346,-0.1844824091662161,2.015106531250015,2.0871860682941716,0.5779793840157984,0.2549232022041312,0.32911297372941845,yes
347,-0.04000908401952006,1.9706900296564769,2.0236472558395135,0.5043562338194816,0.18576140042782427,0.2358576815653971,yes
348,0.12121801649352755,1.9090241137650772,1.9557028360817637,0.43390169053437555,0.15753195523718083,0.17020114235614972,yes
349,0.29419401077954105,1.8130632333174161,1.8812753654838161,0.388657015261033,0.24290327813642823,0.16193981545495018,yes
350,0.4647060997237114,1.6874665149510104,1.8245760285798127,0.40785195224026266,0.40953389774679444,0.19740657325580058,yes
351,0.636049705588424,1.5388857048600222,1.7954976697724825,0.4726075033899864,0.5660268723502209,0.20625336004809014,yes
352,0.7988560004507826,1.405049757174107,1.8024449657740558,0.5671340588140674,0.6545484962609034,0.20708337587899242,yes
353,0.9469028390799272,1.2808206810051883,1.814511167867377,0.6221131825542705,0.7037433859652749,0.20743789943738078,yes
354,1.0920469336283716,1.1481136772880496,1.8173201450069185,0.6405070301812288,0.7162541774858562,0.20822366181268648,yes
355,1.2388740033936425,1.003630627372488,1.808503841373549,0.6130826935997118,0.689462161199171,0.20413150186153325,yes
356,1.3811341252115497,0.8493221171214955,1.786283880715058,0.5403104945951588,0.6063238350504798,0.18760789227994665,yes
357,1.5127980175412734,0.6886344550473184,1.7495832112401062,0.40875588242677185,0.4318794205718226,0.14897772503382845,yes
358,1.6059692407476938,0.5603051180012788,1.7317393150793756,0.27889726983203383,0.24929086382346102,0.14942345424112388,yes
359,1.655496199373405,0.474806966271996,1.7270322414811996,0.18152925306793147,0.09863841375725929,0.155931338143792,yes
360,1.6573553263078886,0.4380997303911399,1.7143790848546778,0.17721327726032549,0.046495637552586344,0.18218475291931102,yes
361,1.618089993211683,0.4265571356202087,1.6734764975680334,0.2357824539469604,0.06533751080898487,0.24385503089813623,yes
362,1.5335863011585658,0.4092730130605392,1.587335463723249,0.30373030626453623,0.082215328984774,0.31423236495134305,yes
363,1.4286868680174813,0.4004519510377575,1.4856531649398903,0.37070792447815476,0.07846098228460133,0.3705327206280195,yes
364,1.3033615674223817,0.4224127692603945,1.388119937687938,0.43161047440968003,0.12402719932019222,0.38269551963440185,yes
365,1.1845814946240052,0.449622055474053,1.2985188707892708,0.4447550042079657,0.16034132954623959,0.3657667327900627,yes
366,1.1019395196879676,0.48214246372256075,1.2390368613878648,0.40149765552678757,0.19414586883139318,0.31714595955655006,yes
367,1.069897679413063,0.5541580561442868,1.245414076539326,0.36112243996269855,0.2967297033824886,0.32885003965575504,yes
368,1.0919092383090858,0.6475134511506451,1.306881756654324,0.40110873098744976,0.38360350097699253,0.448250180990734,yes
369,1.1518195071524882,0.7292413727356016,1.393737511037767,0.4972477405977035,0.40349567335139813,0.5627655655985301,yes
370,1.2243313990617022,0.8089807546799488,1.4923138592796898,0.5676745176514071,0.4024571740276775,0.6344202103741571,yes
371,1.2625419093785017,0.8813155099938786,1.5572885200990685,0.5759750158743215,0.36230978401340375,0.6344688109955274,yes
372,1.259590891277758,0.9360588293284426,1.5813286160602753,0.5777808850495997,0.2940447371564659,0.6150328862958143,yes
373,1.2185331266309816,0.9974409862744664,1.602110574137599,0.6292930675951239,0.22330194370571796,0.5908932792543601,yes
374,1.1464498309286542,1.1748546462132148,1.7603538807573276,0.7435218759297083,0.5014115608354346,0.5959114112578994,yes
375,1.1181548549210727,1.4635676500687687,2.028895457298265,0.7712237503075157,0.8987758584667168,0.7733114037025137,yes
376,1.0980248818159057,1.7596851663056374,2.289179374707412,0.7792834776555905,1.1154601449738497,0.8994992324324897,yes
377,1.0782474419090815,2.0575805293767404,2.541437098690391,0.7744430959847283,1.3253118770720589,1.0842021985660517,yes
378,1.0483041818814782,2.358852186534132,2.777213515530728,0.7481754140241708,1.4805593975773306,1.2591225810657916,yes
379,1.011719925879303,2.537767911499812,2.8814029581539957,0.7000550221472944,1.4299464288638482,1.266097071453774,yes
380,0.9224663471287414,2.6170241141483506,2.8741931256501303,0.608715851759309,1.3658134156069477,1.2698015588954594,yes
381,0.8557747378699949,2.7277788527134144,2.919007959429813,0.5679440903335568,1.262545002502063,1.237130523901234,yes
382,0.8392522594959783,2.809916261050168,2.9760006470854483,0.567993604856179,1.145506172041526,1.1617586814532106,yes
383,0.8770555443644341,2.8478819482398294,3.026048140670699,0.5440574020489745,1.083674546710791,1.078066557044435,yes
384,0.9716307832966397,2.759372610188095,2.9554410180071913,0.4100518934192552,1.150727934151312,1.1385456465480097,yes
385,1.0286888498041822,2.547343363925484,2.7664611193401116,0.34426159241655646,1.16770261567609,1.1679482185197285,yes
386,1.0504366605943294,2.3270326004458375,2.5656880094219847,0.3297237861205229,1.121347397575395,1.1378668760404331,yes
387,1.0332788521768796,2.0605616687506303,2.3129211401818117,0.32782646531613663,0.9354527939364917,0.9708319944603898,yes
388,0.9812945225652285,1.7866969067973362,2.0415342804915264,0.2808695756800315,0.4716997563363344,0.5360473643635741,yes
389,0.9172493385518488,1.6341019014952614,1.8784551682585477,0.1304071203917797,0.23083908123880575,0.2268258828446375,yes
390,0.924123148634745,1.572843987891375,1.8325063911388777,0.14362985992292016,0.21688831590477228,0.18458723001916724,yes
391,0.9671340820922248,1.4617584218779995,1.7682078754806387,0.18668521515518163,0.18585387750209031,0.09416684820016545,yes
392,1.0308585755806106,1.3965639970305745,1.758867239953796,0.21588038866844234,0.22776954105530411,0.09475939300946935,yes
393,1.1064368852218078,1.3206203026599437,1.7635308094592586,0.2307554566513385,0.3339213156213543,0.08482676520440827,yes
394,1.1812159232944492,1.2002477263540847,1.743876050929892,0.23747546415099482,0.42642967976971763,0.1009684336352273,yes
395,1.238052950815123,1.0830953561175605,1.7185214084569786,0.22897612054043098,0.4883952553599016,0.12657373104998212,yes
396,1.2783694349656565,0.9600217724148171,1.6754085196551187,0.20610444915918563,0.5115230780979155,0.15845756909418188,yes
397,1.3006687757909279,0.8261360111167569,1.617495788951718,0.1819389107920622,0.5273826108300316,0.20563752582401804,yes
398,1.3147625087324273,0.6850982543416507,1.5424418018025436,0.15971253419781525,0.4755809735156708,0.22447514308686128,yes
399,1.3135523570799061,0.5683918669323061,1.4717100646169927,0.1618564572942231,0.4061165757605356,0.24624730608290732,yes
400,1.2904751116496453,0.47665049774133683,1.3972681650731313,0.1942747756428932,0.30193140657451567,0.24984022030052327,yes
401,1.2485852880856412,0.41649191250196455,1.3298226888370328,0.23134661649172317,0.2360443958746986,0.26313651603746874,yes
402,1.204597330713196,0.3398397729616852,1.2571721865712833,0.24085199578975763,0.13373875404040017,0.24578685017476384,yes
403,1.1557075474189777,0.3069075113375268,1.1999598606626702,0.22655813149401852,0.08843466500573605,0.21904549934169384,yes
404,1.1122029389473658,0.2982144458641864,1.1556875001929234,0.18282815030508323,0.08284142473398003,0.17183191334495146,yes
405,1.1106557502120586,0.26894176816508997,1.150352794963279,0.17957148358453898,0.11328228163880735,0.1603649691869036,yes
406,1.149434370372592,0.28669781991420484,1.1923821551839007,0.26038269136819725,0.13440528128892815,0.2558153430778563,yes
407,1.2389081744368293,0.3775083170071847,1.3066001182535518,0.4003142696399157,0.2768241496623202,0.45141375078504253,yes
408,1.3868075637728243,0.5704784699524448,1.5292430806136703,0.5874360912541486,0.6163059536278666,0.7905829598878983,yes
409,1.5964988426894844,0.7443044049062608,1.7943849958978344,0.7928757811815126,0.7546774671797286,1.033522113850471,yes
410,1.829286249822924,0.9117993609233352,2.079523030042796,0.9176400894979562,0.8552651075798371,1.187639016508838,yes
411,2.061894168083153,1.0016405293767616,2.3287350890028593,0.9475782828924524,0.8439156362929845,1.1929294375903172,yes
412,2.256678662050222,1.1630357677606766,2.5739305055741526,0.8948032130374184,0.8314211187192551,1.1366974645687116,yes
413,2.3845934943751543,1.455822872932584,2.864576551145897,0.778640591811228,0.9922398662316095,1.0706418450915718,yes
414,2.409621964559409,1.6811695040259895,3.039866066353728,0.735654405626355,0.9580704969502474,0.885061859397914,yes
415,2.385673714530185,1.9851212337833146,3.2263833559948822,0.7734041050891781,0.8584363284591786,0.6865015828948104,yes
416,2.318567815377089,2.2151535705605547,3.3452407133802438,0.8602278844042978,0.7116750214569069,0.4874567098249525,yes
417,2.187831287457667,2.3052495730202702,3.3219540403340915,0.9861630340168338,0.5997130952449852,0.5419703598285811,yes
418,2.0177753862126915,2.2782780583536724,3.1924035937813016,1.0489927780087442,0.613580737244433,0.6664234283617643,yes
419,1.8212284227310547,2.2628627196701645,3.03917695581588,0.9963719354982111,0.6227250799312485,0.7018335432562449,yes
420,1.5947974392548354,2.1891142537722432,2.8194418879014824,0.8756286889343474,0.6846654996083685,0.7440808883627819,yes
421,1.370904139389891,2.1860264327498884,2.6330957589166837,0.6790179322286704,0.68912923965265,0.7939104788335929,yes
422,1.1892094491795115,2.1355430696049464,2.4611695873546138,0.4127153364994731,0.7349959757662735,0.7866280417589027,yes
423,1.070637173819158,1.952981044750916,2.243845122466681,0.15644035218574293,0.6571752251297408,0.6112605916255891,yes
424,1.053910283863321,1.8295047528692154,2.132064355099023,0.12967988218096288,0.6459036812286476,0.579965235031436,yes
425,1.0551703686962821,1.6825590280301075,2.003225381325344,0.13138783939955548,0.47239804590298634,0.40532274067536167,yes
426,1.089576887472639,1.550848896601592,1.908239768483556,0.17287819112142847,0.26403348727073545,0.21231940302797875,yes
427,1.1586982455491914,1.4677159197679264,1.8829709307952291,0.18181000135347228,0.24502116053318926,0.19712753990524695,yes
428,1.2244284405331425,1.3477612394302703,1.8453608842607392,0.20134668886765222,0.3082900576728535,0.1896004431475278,yes
429,1.2641344167865596,1.199457861121471,1.7871637903186097,0.22949318487324077,0.3808166216574295,0.1516580583449291,yes
430,1.3165282855347973,1.122786892976966,1.7825956472904179,0.22865504117141067,0.41942956114270175,0.15504031041214214,yes
431,1.3617205089101807,1.0827520614663726,1.789427248040806,0.19667638259379203,0.42201894449089083,0.14790509361985654,yes
432,1.3903456895817372,1.0276598446076048,1.7757622224833258,0.17232211242009898,0.4226784193453249,0.16100787733242752,yes
433,1.407719018579235,0.9653308164171772,1.7467221104365536,0.14540212533061195,0.4076044451266129,0.18575113240353294,yes
434,1.4062637681749854,0.901219752729278,1.7044576304641037,0.14793381361528382,0.3945395946797969,0.22208689197046863,yes
435,1.3980286856401434,0.7942450768242383,1.6281970781311883,0.16115155799063657,0.3166989443347246,0.2307595287169195,yes
436,1.367136563559585,0.6960907228552283,1.544562339668003,0.18634503855533643,0.2157230906644992,0.21361098978687862,yes
437,1.3257018035212957,0.6340586882767927,1.4763156198760952,0.20136028278588364,0.15164358847932438,0.20329357485121938,yes
438,1.2767251150967538,0.6221858112383145,1.4269309268503634,0.19438438973263655,0.15258444779957708,0.19991917099136539,yes
439,1.2253365743164952,0.641981831337722,1.3857038490312779,0.17184875185053947,0.12870989451355488,0.1969310153264889,yes
440,1.1677177570987436,0.6390259684740285,1.332310143742968,0.14590573102212237,0.1302035225538044,0.1864460755373363,yes
441,1.1083169378038207,0.6180013853689205,1.2715050070552285,0.14831616772997167,0.1010109721187352,0.15828236324455558,yes
442,1.0052118570773938,0.649262500754047,1.2275831483058126,0.2579540857293855,0.1757722370496896,0.11890639262186495,yes
443,0.9107717940862262,0.6870418888654299,1.1989317701264508,0.31834486194630984,0.23609856849567565,0.07797303804851688,yes
444,0.7867820384506348,0.7763695953540255,1.221393140887637,0.4285228962277484,0.3679476840372004,0.1378007970994546,yes
445,0.6875766711050455,0.9048931544738691,1.2788853184427127,0.45241681376943554,0.4844603873715969,0.2391889030671426,yes
446,0.6446335269387236,1.0202906228813962,1.3365417773438473,0.4286118684207233,0.5140634404742628,0.28552842966587827,yes
447,0.7292834371119159,1.1487849116079996,1.4808771000632706,0.5800973822204464,0.5367850878278956,0.49525549223297805,yes
448,0.8650463881487402,1.3203972085002758,1.6926568528255583,0.7919278917239274,0.5977534975624044,0.7547478953868,yes
449,1.074863375397547,1.4720295141851252,1.9508456213925,1.077611384082755,0.580697492142433,0.9803705723027742,yes
450,1.3030185758466972,1.6445659342602528,2.236313652898109,1.276735790878051,0.5365064175710345,1.119255626256366,yes
451,1.563513268673929,1.849490163023723,2.567749671635695,1.4276115399604024,0.5128339841893061,1.221481473997206,yes
452,1.8523752277075811,2.01150637109168,2.8754889532890546,1.4461955417116048,0.5012558713968467,1.2099036870798332,yes
453,2.0865222232511766,2.128830641569773,3.109308757303554,1.357339932553732,0.4062979759709914,1.0668743049819263,yes
454,2.3372968791490125,2.189612248855347,3.2787361300316262,1.126751464229097,0.35753523235931295,0.9218991058985436,yes
455,2.5604935643340596,2.2004004336704583,3.4018549703346146,0.8250497509000504,0.34698368278133357,0.779078097013813,yes
456,2.6771637769381664,2.148196650834447,3.439171439571431,0.5718261900389917,0.4592806428651687,0.6977631394638102,yes
457,2.6132300721408255,2.0757439927401014,3.3431917740462667,0.6892577493901735,0.5637224361865034,0.8655933112458015,yes
458,2.5075941875736256,1.918814823759923,3.164919945366395,0.7921422256638879,0.7034922400794843,1.0345757319545774,yes
459,2.344206986609363,1.7726129066144032,2.951045667588459,0.8098894038846473,0.8071550815111498,1.1082872348769068,yes
460,2.1618740802207776,1.6064303135422815,2.7093592187364344,0.7871413174826855,0.857776053713855,1.122261905289605,yes
461,1.9798030915938551,1.3930331181949578,2.4431137739433444,0.6585739466674958,0.8151475194495275,0.9886709636709147,yes
462,1.8121658070512225,1.1910599456554087,2.191621545280033,0.49696909907823095,0.6944176253699457,0.7857327932371145,yes
463,1.7334738932861946,1.043251089763934,2.0438905349739,0.4004889076331784,0.5725576691184884,0.6282323886073594,yes
464,1.667172116266223,0.8714745217751456,1.899951167152754,0.31711047070190845,0.4314553759736971,0.45601874068524956,yes
465,1.6188579317489846,0.6998391762960556,1.783907220846038,0.21822558452339164,0.2713377827517826,0.20350495915061662,yes
466,1.6142704040222902,0.6363131765761928,1.7539916269779556,0.21354200499044076,0.22990803144843816,0.15947438044275172,yes
467,1.6678176724173432,0.6502568701185616,1.8051839567381767,0.1867510380833491,0.26218148139809055,0.2082045985484799,yes
468,1.6788726462327979,0.7345922826788637,1.8650751883277603,0.17058790062146137,0.3873946454838847,0.2134142679637196,yes
469,1.6488296615827553,0.7988272427464049,1.8766268235638592,0.21913725007789406,0.4204666412840733,0.20376451406657323,yes
470,1.59348018833993,0.8302711906050015,1.8492024968524468,0.3247229083379429,0.41822206123552824,0.26097824504558015,yes
471,1.479887047086694,0.833102776342481,1.7550173116929337,0.4773002233505684,0.41645498241140033,0.4283889377265417,yes
472,1.3358903251092518,0.7930033513724102,1.6156902538340283,0.6401755820385858,0.4499149046046643,0.6271856513873709,yes
473,1.1405660970469107,0.7203863887427809,1.424463056997143,0.7466935699570588,0.4962411350586716,0.7558501221616603,yes
474,0.9485475018526957,0.6826171604266829,1.258056699021861,0.8096821930763186,0.5306305411070935,0.8342931242625733,yes
475,0.7398568918726827,0.6700276707920572,1.0888351415417277,0.8077202147219538,0.5440825826673135,0.8591710193562597,yes
476,0.5400646079234106,0.6290688409848955,0.9252502822952182,0.7644948938533758,0.5731500348052286,0.8517742053141957,yes
477,0.3358269387216253,0.5139545560027605,0.729522170523113,0.649060277936339,0.5553657652866071,0.7464477067378923,yes
478,0.1620508189825371,0.364614363788682,0.5394426549466683,0.5255444694382,0.43388828690865416,0.5639308031076423,yes
479,0.012498771869924496,0.23988331148348047,0.38893781293470137,0.38060365293066123,0.3024586558863203,0.36382831929108156,yes
480,-0.10685357255178489,0.6154538203148118,0.7311031051250325,0.24057345201378194,1.4458080888835554,1.409926040104846,yes
481,-0.15203620413300395,1.0274587701824855,1.1262846864671092,0.13773356667056635,1.9452947338100335,1.8953443720867766,yes
482,-0.12789398756634338,1.4720530802337537,1.5698783763152486,0.19835824592719872,2.2426519609273767,2.1809094578689314,yes
483,-0.05717514087829827,1.930958136411268,2.030636541948142,0.3115816533394671,2.399717763010534,2.328218006625487,yes
484,0.04798193594412601,2.3862706428193357,2.486707654980278,0.4325210269129824,2.443559955889368,2.3699809217923957,yes
485,0.06418028454240157,2.4436908493834952,2.532328263272894,0.4254939946651153,2.3899362989533777,2.325370754336173,yes
486,0.08880935862767579,2.538222139883197,2.613341302166985,0.4151233766215263,2.303538635690115,2.248866842928901,yes
487,0.12177140600162262,2.662355730939036,2.721763405226618,0.4003746767562398,2.186487921681839,2.145252293232179,yes
488,0.17029720140267418,2.835117872650955,2.8765875400480287,0.3799709590797891,2.0194241106019155,1.997872511357125,yes
489,0.23024600351709198,3.031464260897373,3.0518195916547746,0.3496963765655828,1.7996291032780047,1.811703675138457,yes
490,0.29097201078843815,2.6946884891708422,2.717128810486329,0.2923226741657802,1.7674073126227658,1.7799765388736946,yes
491,0.31141136314852896,2.3222708095587437,2.3474395915589232,0.27905725383651303,1.680781849231663,1.6970748140619782,yes
492,0.30489261519790556,1.9320453777391542,1.9609358933777652,0.27854313281524284,1.5023713456513252,1.5208640138909382,yes
493,0.2595484260775399,1.5626133208453576,1.5888258078283575,0.25601484977215777,1.157789732334496,1.1785947042436111,yes
494,0.18237503324048415,1.2067950904384444,1.2250786339726745,0.11910963213526471,0.41139622202118054,0.4135052653219299,yes
495,0.20215958882177293,1.2662359607133467,1.2855534305722407,0.09351739761176545,0.3657619834038888,0.3649185352678552,yes
496,0.2325417830177341,1.3198578017542282,1.3428259978117207,0.0839766744302474,0.367117501132286,0.3660043178842064,yes
497,0.2501400935468774,1.306656130295172,1.3325088524566717,0.07208646671228477,0.36964730500418147,0.368167379302328,yes
498,0.2705106258190916,1.2539928063226682,1.2858659565138741,0.09451376417197568,0.3297079513191978,0.3301495707699731,yes
499,0.29928319612714166,1.2107255696318087,1.251764182364274,0.14588852523785745,0.23779189490323405,0.2550792263944821,yes
500,0.34278102685612943,1.2517726958392248,1.3041888624806044,0.19857090577447023,0.29073447520238105,0.3250408027802828,yes
501,0.383865941285968,1.3184431558911336,1.3802011245214323,0.2158886133542485,0.30456270728350254,0.34338183234279257,yes
502,0.42651539429326935,1.4001742943476105,1.4719528963091277,0.2375041267270906,0.2664843754751321,0.31699636607524784,yes
503,0.49061968390136385,1.4607811967660402,1.55042786131775,0.2483428668416017,0.23685712618143606,0.2920440527404934,yes
504,0.5618122856993726,1.5117667508891313,1.6216338096351735,0.23669955801596454,0.199325091971836,0.2528877587077686,yes
505,0.6201055883782676,1.5467967359134633,1.6721361781338182,0.19727654162892494,0.1811353024296699,0.2251589888736334,yes
506,0.6785914461952808,1.5600100483124382,1.7053295890017424,0.19303449762490543,0.18767616890740155,0.23852530740286174,yes
507,0.7681251057232524,1.6276044915673746,1.8037430229609377,0.19620017535509193,0.15617071628973161,0.21658738914917022,yes
508,0.8578596806248886,1.70306180962593,1.9122399377621193,0.23350957127694075,0.13770293988584353,0.22563765705643202,yes
509,0.9203426543089683,1.7913725418258963,2.0185893018402603,0.24659226891187572,0.2618919906820305,0.3296446927758198,yes
510,0.9792708287011773,1.8791973623979268,2.1230478906801444,0.26479674961687705,0.3692246904369919,0.43310443728883385,yes
511,1.035113740897979,1.9948310765907025,2.2512147528797892,0.2451802400909098,0.46617153623529145,0.5082977510371794,yes
512,1.0690904588028245,2.098459350259312,2.3599583147339396,0.21909892537237088,0.49486346775763257,0.5171369668671354,yes
513,1.0491502249966105,2.1813600906006454,2.4311315421571402,0.25138193622925065,0.4753788832335928,0.4817879070508893,yes
514,1.023403729787167,2.1889868147124907,2.4277742379904113,0.2853370916361752,0.46546534105524856,0.4867105392391808,yes
515,1.0082052233829497,2.162428268075639,2.3973075889423106,0.3048759001280042,0.5075001364534487,0.5384599889294109,yes
516,1.0167893556028393,2.103115309776509,2.3537265994479233,0.30360502993267957,0.5945362918901466,0.5944279882115419,yes
517,0.9922910428853099,2.037477344402716,2.2858468468294983,0.2990714836432449,0.6573185940990486,0.6499743357442965,yes
518,0.9901067833152662,1.9542538376291507,2.221077440067382,0.2963000143130384,0.7115925679513097,0.6674798562085611,yes
519,1.0140609080329264,1.8343886930535198,2.140678856682088,0.3274038294255885,0.7212599598239436,0.6458962011624029,yes
520,1.0490366344568696,1.6774864274638897,2.0443724724113745,0.3779660623347586,0.7013967950806449,0.5833942790908797,yes
521,1.075990615923677,1.4910290500727261,1.9130555570666878,0.39939052025534655,0.6016047890348973,0.4599986330492341,yes
522,1.1349233351841594,1.2977526706976057,1.8057781479921542,0.4385887297111698,0.47209720823543766,0.307481732701016,yes
523,1.2393353043140465,1.1176241344411548,1.7313255895134918,0.4255891305240592,0.29221929434749094,0.1745273207155536,yes
524,1.3606620049864637,1.0097057749117937,1.7437197909899684,0.391142247725052,0.26205198127109025,0.1821027889622893,yes
525,1.4817426380039065,0.9362518137767772,1.7871559891436484,0.3073901120596721,0.25901458703582153,0.1620071607042746,yes
526,1.5521129736722514,0.877683265310092,1.81649936284063,0.2664604959821002,0.2810217861302178,0.1277569664360135,yes
527,1.6259533058640279,0.8046812586610945,1.8379220213687488,0.15430438123326276,0.2818610160031847,0.08305721740985961,yes
528,1.6586185035615841,0.7298120147572351,1.831175253364238,0.11084709648673358,0.27089705539050496,0.09154945709044912,yes
529,1.670925786403687,0.6465032584188851,1.8034950274876302,0.09533494429984027,0.21859401818781624,0.09746805399909825,yes
530,1.672597418377234,0.5801112078751542,1.7791255752987687,0.09537182131027055,0.17879198734046353,0.08013494116416875,yes
531,1.7012100058677109,0.5203776694866078,1.7827502081378974,0.06884564167195352,0.1282677779290348,0.0801610119826496,yes
532,1.7211367727480653,0.4791514706097555,1.7894557608315158,0.08052513169493156,0.11068290374131293,0.08568355302829021,yes
533,1.7443309851597562,0.445070145662774,1.8028814206530257,0.09355571541792318,0.10434579652715835,0.09471154358267855,yes
534,1.7557268383177345,0.41996038647087736,1.8077876388024134,0.10732628981148348,0.09430913228147765,0.10121012472349832,yes
535,1.7719686679562958,0.4044521430057683,1.8191515981698152,0.12683062816256588,0.06755522373126037,0.11891502064318034,yes
536,1.7968067790538407,0.4086680791091258,1.844166440172708,0.1389556329591438,0.07648741539616481,0.13831298829446376,yes
537,1.8164731608944362,0.4302002497879426,1.8695503298811,0.1329001503019242,0.1165219304438308,0.13962008933397227,yes
538,1.8422177757904081,0.46770971370029324,1.9060839643243916,0.1207784030638422,0.16605457639646912,0.13867636650028894,yes
539,1.8652102457624165,0.5119771989617949,1.9427377036717288,0.08931144472594564,0.20367577853839536,0.11261758850286249,yes
540,1.86066618606867,0.5649172688066268,1.9577503159519367,0.10016450883024718,0.23449946440077646,0.0878414723329808,yes
541,1.8428649471658005,0.6161190941267256,1.9589696737970095,0.13086750175091452,0.2425941263674965,0.08545408533148946,yes
542,1.8169232485431237,0.6666748036575781,1.9509914299584945,0.15307812856828087,0.23094059147991797,0.09653812356912732,yes
543,1.7827844204564212,0.7149544528093847,1.9334057003931395,0.17128243178589983,0.1958143482351273,0.11707260080500785,yes
544,1.7377640669916563,0.753833403123308,1.9025808889100435,0.1904052480581544,0.1459347388471823,0.1493344835801808,yes
545,1.6825157349771422,0.7692960826189468,1.854781192004186,0.1951147418045186,0.11662939543454491,0.17940442048324984,yes
546,1.6070796969837773,0.7708348532307887,1.7845647587021265,0.21746727204976235,0.11369874503957154,0.22710159876123828,yes
547,1.5212238108313,0.752888156759212,1.698536938521055,0.26712543499659314,0.1393865613546395,0.29371353781354015,yes
548,1.3964465110944435,0.7176579394377008,1.5715279067227215,0.34759748791323875,0.16675076113501225,0.3788325072962595,yes
549,1.2527191237282629,0.665779660499766,1.4210524863665202,0.43122827337291414,0.1979012972303515,0.4664142921894056,yes
550,1.1090358034568593,0.5976156319674633,1.2643508013584823,0.5194649995311749,0.21778484222482528,0.5518339312812236,yes
551,0.958598673350418,0.5221507301922464,1.0980338832394767,0.580999100233478,0.23863226393227482,0.6154755826214605,yes
552,0.7998865644539672,0.440931691114387,0.9212096615581225,0.6053811854009313,0.25422532099322614,0.6443060313230355,yes
553,0.6463678668058558,0.36460130061336904,0.7503423320975672,0.5880566482831994,0.25151721584164005,0.6288227895748352,yes
554,0.4201845669968355,0.3884964961318424,0.7120033135505428,0.6673893904787125,0.29740975322407126,0.5783222123760651,yes
555,0.1786464026962798,0.4280540095830981,0.6992467156088396,0.701883685829569,0.3521462746899796,0.5589491524452033,yes
556,-0.04421407567273743,0.47810977244145986,0.7131591314617729,0.6908298295686294,0.4074363166876228,0.5781897777876511,yes
557,-0.24786969705534415,0.542104973592727,0.7543323080633316,0.6445668658652631,0.4597472365175818,0.6240107972493111,yes
558,-0.4343390467878935,0.6090988580162546,0.8394991139466672,0.623222419165072,0.4928007941021761,0.68558652088721,yes
559,-0.5320975084695361,0.609167966671494,0.8538164152801009,0.549802310817491,0.4927579435912625,0.6797013836921254,yes
560,-0.5903471428984922,0.606707769754226,0.8666152986161473,0.49140735130288515,0.49488317615873,0.6694388030088437,yes
561,-0.57408871507867,0.6358020383493799,0.8999305300771526,0.5179870813838309,0.47146878628095906,0.6372521003068614,yes
562,-0.537596096604079,0.6774040033755989,0.9547061408619717,0.5731322755258147,0.4287765352950203,0.5749578358412861,yes
563,-0.46420735686121795,0.71159236578598,1.035050807822213,0.6874927046575715,0.382478989324632,0.4802369172774132,yes
564,-0.27465943623892264,0.66672959438665,1.0312709270703104,0.8320217417527125,0.37498137080670874,0.4784587749648426,yes
565,-0.005729848529229131,0.631406186402832,1.0709793691576257,0.9920890194062892,0.35510812311607287,0.5281182060520383,yes
566,0.23130561946877695,0.5521246076030792,1.0610996568945024,1.0069473788621879,0.3313039118344051,0.5204124061974967,yes
567,0.5046626307264657,0.4607115284692533,1.0791186603575607,0.9981584536625289,0.26844514022658683,0.5415894128710924,yes
568,0.8176565154998385,0.38174449105745095,1.109268239908244,0.8857994514559253,0.13552182690411585,0.5835915201132208,yes
569,1.0827146335341478,0.3804298897947928,1.25267270089047,0.8164339394541741,0.136093716817787,0.636296814638316,yes
570,1.3093083371877812,0.3843225292406495,1.398910621192282,0.6648950798791503,0.1312004145959278,0.594801849975325,yes
571,1.486000210859952,0.3690176655144681,1.553316432455199,0.5788559515230518,0.13584046865665608,0.5267857310423972,yes
572,1.6440539677259518,0.34909170741261863,1.6917388425271789,0.43865290519268835,0.13742827533411384,0.41227117498379434,yes
573,1.762514170295299,0.3368687826152883,1.8031154951549002,0.3120840543606647,0.1406537754517925,0.28707961672729415,yes
574,1.8485835111713727,0.31090397136328746,1.879177752808981,0.2114228752004637,0.1259128022897328,0.20306416576640776,yes
575,1.8763189514391374,0.271909021592517,1.896407062922695,0.20689222786665434,0.03230830562334443,0.2044259544227113,yes
576,1.9371757868230453,0.27047460303980364,1.956133301393762,0.09618063880797932,0.03182438974112767,0.09767408094087862,yes
577,1.9631680074678197,0.2749297845553121,1.9824922125282811,0.051380001565104784,0.029316114508965454,0.0525890193775167,yes
578,1.9688277820582432,0.27069325807804007,1.987413221934339,0.04939462435311073,0.022315500314042534,0.051536287929310656,yes
579,1.9564700672737725,0.2664153046080916,1.9745602331941268,0.03241819344516158,0.014124310155104175,0.03315813993011141,yes
580,1.9621853142513934,0.2695869079907327,1.980658515375655,0.02113654812472687,0.013743308335756058,0.021401528121076707,yes
581,1.9561751005148982,0.2717786610725928,1.9750069376567894,0.013725003251302709,0.014432967754630141,0.01450204359709068,yes
582,1.9555987123377716,0.27593813361600317,1.975008476431365,0.014167626586205724,0.01328754371050535,0.01450087046214091,yes
583,1.955781100188614,0.280067713043795,1.9757585616034077,0.013876420057255968,0.009922105723654094,0.013234839941047006,yes
584,1.955357587126095,0.28298215243370356,1.9757470245959656,0.013784842287798473,0.008211892458464922,0.013232883156519517,yes
585,1.951731401310252,0.28430860626413657,1.9723404085931453,0.014158780603790399,0.006238958205422352,0.013968821944691418,yes
586,1.9508709085627136,0.2837564819933348,1.9714123652346474,0.013655644021666462,0.0074108468501598215,0.013564114735079654,yes
587,1.9384876866857834,0.28362422556282724,1.9591408077223982,0.03622669886844142,0.007506667585824548,0.03615337186642235,yes
588,1.9362375179990576,0.2883712563847366,1.9576665418156558,0.03410988828398116,0.018686465254878788,0.03458998390379425,yes
589,1.938603212031961,0.3037933997249337,1.9627400657605343,0.036046495647105825,0.048902386845131714,0.04008313075813746,yes
590,1.9500542313510245,0.30832970579252444,1.9747443527324484,0.05152288999535546,0.04879638159409464,0.054727401024249854,yes
591,1.9684117217110813,0.30565861759114216,1.9925858410366135,0.07720194735657454,0.05086419597748397,0.0772164286995651,yes
592,2.0065703656071276,0.2968815732175509,2.0294630452076388,0.13563619473365437,0.06032526540825348,0.1315536741197061,yes
593,2.029990710560611,0.29319230168874627,2.052194169745831,0.14224278519523692,0.06189121244236516,0.13735711484650306,yes
594,2.0500500035978324,0.3172148887729483,2.0765496443751044,0.14479270561980256,0.09747210342584227,0.1441104593652005,yes
595,2.050230407898907,0.3267138725000478,2.078314985651311,0.14463324526518895,0.09813426541659526,0.14254706470654702,yes
596,2.0376031143057745,0.3517348123536892,2.071065010166631,0.15875972060712226,0.11242436828613049,0.1501593673334374,yes
597,2.023580085176743,0.3848627434222994,2.0655379417096364,0.18240410865970813,0.13489937631054025,0.1594117459871261,yes
598,1.9992191402982809,0.42180815184939896,2.052306456738646,0.20705165900856284,0.16720743490620263,0.17186344623944058,yes
599,1.970742409585775,0.43496418726302866,2.02831567542245,0.22914268907033963,0.1732339984408665,0.19212195527865217,yes
600,1.9556104635728626,0.46534367240653507,2.0207889250827886,0.22796520360818232,0.17888210777181687,0.19130948524583563,yes
601,1.9273644889641008,0.4990737233373044,2.0003487406213725,0.22106925439519337,0.16704303116466507,0.18711511931806588,yes
